Country Name,Country Code,Series Name,Series Code,1990 [YR1990],1991 [YR1991],1992 [YR1992],1993 [YR1993],1994 [YR1994],1995 [YR1995],1996 [YR1996],1997 [YR1997],1998 [YR1998],1999 [YR1999],2000 [YR2000],2001 [YR2001],2002 [YR2002],2003 [YR2003],2004 [YR2004],2005 [YR2005],2006 [YR2006],2007 [YR2007],2008 [YR2008],2009 [YR2009],2010 [YR2010],2011 [YR2011],2012 [YR2012],2013 [YR2013],2014 [YR2014],2015 [YR2015],2016 [YR2016],2017 [YR2017],2018 [YR2018],2019 [YR2019],2020 [YR2020]
World,WLD,"Literacy rate, youth total (% of people ages 15-24)",SE.ADT.1524.LT.ZS,83.1576919555664,83.3608779907227,83.6726989746094,83.9159317016602,84.1862030029297,84.4559631347656,84.7207412719727,85.537712097168,86.2622299194336,86.5723190307617,86.5740585327148,86.8761901855469,87.3861465454102,87.8816986083984,88.3432312011719,88.4752578735352,88.7642593383789,88.6670608520508,89.4507217407227,89.5234985351563,89.5674209594727,89.7832565307617,90.3369369506836,90.6743087768555,90.9933013916016,91.030143737793,91.4474334716797,91.62890625,91.5456619262695,91.7295303344727,91.8839797973633
Afghanistan,AFG,"Literacy rate, youth total (% of people ages 15-24)",SE.ADT.1524.LT.ZS,..,..,..,..,..,..,..,..,..,..,..,..,..,..,..,..,..,..,..,..,..,46.9900512695313,..,..,..,..,..,..,..,..,..
Albania,ALB,"Literacy rate, youth total (% of people ages 15-24)",SE.ADT.1524.LT.ZS,..,..,..,..,..,..,..,..,..,..,..,99.4351501464844,..,..,..,..,..,..,98.8312072753906,..,..,98.7911911010742,99.2313995361328,..,..,..,..,..,99.3300018310547,..,..
Algeria,DZA,"Literacy rate, youth total (% of people ages 15-24)",SE.ADT.1524.LT.ZS,..,..,..,..,..,..,..,..,..,..,..,..,90.13720703125,..,..,..,91.7796401977539,..,93.7673263549805,..,..,..,..,..,..,..,..,..,97.4265213012695,..,..
American Samoa,ASM,"Literacy rate, youth total (% of people ages 15-24)",SE.ADT.1524.LT.ZS,..,..,..,..,..,..,..,..,..,..,..,..,..,..,..,..,..,..,..,..,..,..,..,..,..,..,..,..,..,..,..
Andorra,AND,"Literacy rate, youth total (% of people ages 15-24)",SE.ADT.1524.LT.ZS,..,..,..,..,..,..,..,..,..,..,..,..,..,..,..,..,..,..,..,..,..,..,..,..,..,..,..,..,..,..,..
Angola,AGO,"Literacy rate, youth total (% of people ages 15-24)",SE.ADT.1524.LT.ZS,..,..,..,..,..,..,..,..,..,..,..,72.1944885253906,..,..,..,..,..,..,..,..,..,..,..,..,77.4311294555664,..,..,..,..,..,..
Antigua and Barbuda,ATG,"Literacy rate, youth total (% of people ages 15-24)",SE.ADT.1524.LT.ZS,..,..,..,..,..,..,..,..,..,..,..,..,..,..,..,..,..,..,..,..,..,..,..,..,..,..,..,..,..,..,..
Arab World,ARB,"Literacy rate, youth total (% of people ages 15-24)",SE.ADT.1524.LT.ZS,72.4959869384766,73.9646987915039,74.9201431274414,74.6631469726563,75.5125732421875,76.3860397338867,77.4460220336914,78.2399368286133,78.9146499633789,79.62744140625,80.1848373413086,81.1405410766602,82.1236190795898,83.0104827880859,83.6424026489258,84.0660095214844,82.648063659668,83.3893280029297,84.0450897216797,81.3358688354492,81.6814498901367,82.0158004760742,85.9053497314453,86.2937774658203,87.1857070922852,83.8176498413086,86.0872497558594,86.6084671020508,82.8308715820313,82.9079437255859,82.9774398803711
Argentina,ARG,"Literacy rate, youth total (% of people ages 15-24)",SE.ADT.1524.LT.ZS,..,98.3046417236328,..,..,..,..,..,..,..,..,..,98.9166564941406,..,..,..,..,99.4460830688477,..,..,99.5842895507813,99.2986373901367,99.6282424926758,99.3758697509766,99.5513229370117,99.2967071533203,99.559700012207,99.5027084350586,..,99.5055236816406,..,..
Armenia,ARM,"Literacy rate, youth total (% of people ages 15-24)",SE.ADT.1524.LT.ZS,..,..,..,..,..,..,..,..,..,..,..,99.8072814941406,..,..,..,..,..,..,..,..,..,99.8473968505859,..,..,..,..,..,99.8470230102539,..,..,99.8738174438477
Aruba,ABW,"Literacy rate, youth total (% of people ages 15-24)",SE.ADT.1524.LT.ZS,..,..,..,..,..,..,..,..,..,..,99.0264129638672,..,..,..,..,..,..,..,..,..,99.1384124755859,..,..,..,..,..,..,..,99.5,..,..
Australia,AUS,"Literacy rate, youth total (% of people ages 15-24)",SE.ADT.1524.LT.ZS,..,..,..,..,..,..,..,..,..,..,..,..,..,..,..,..,..,..,..,..,..,..,..,..,..,..,..,..,..,..,..
Austria,AUT,"Literacy rate, youth total (% of people ages 15-24)",SE.ADT.1524.LT.ZS,..,..,..,..,..,..,..,..,..,..,..,..,..,..,..,..,..,..,..,..,..,..,..,..,..,..,..,..,..,..,..
Azerbaijan,AZE,"Literacy rate, youth total (% of people ages 15-24)",SE.ADT.1524.LT.ZS,..,..,..,..,..,..,..,..,..,99.886100769043,..,..,..,..,..,..,..,99.9891510009766,..,99.951301574707,99.9505996704102,99.9440994262695,99.9367523193359,99.9524688720703,99.9569931030273,99.9427795410156,99.9404830932617,99.9380493164063,..,99.9339294433594,..
"Bahamas, The",BHS,"Literacy rate, youth total (% of people ages 15-24)",SE.ADT.1524.LT.ZS,..,..,..,..,..,..,..,..,..,..,..,..,..,..,..,..,..,..,..,..,..,..,..,..,..,..,..,..,..,..,..
Bahrain,BHR,"Literacy rate, youth total (% of people ages 15-24)",SE.ADT.1524.LT.ZS,..,96.9381103515625,..,..,..,..,..,..,..,..,..,97.0247116088867,..,..,..,..,..,..,..,..,95.4544677734375,..,..,..,..,..,..,..,..,..,..
Bangladesh,BGD,"Literacy rate, youth total (% of people ages 15-24)",SE.ADT.1524.LT.ZS,..,44.6808280944824,..,..,..,..,..,..,..,..,..,63.622730255127,..,..,..,..,..,61.8728103637695,..,..,..,77.984992980957,77.8329086303711,85.5271530151367,85.5547332763672,87.8887710571289,92.2426528930664,92.9507598876953,93.2964401245117,94.8624267578125,94.4617767333984
Barbados,BRB,"Literacy rate, youth total (% of people ages 15-24)",SE.ADT.1524.LT.ZS,..,..,..,..,99.9000015258789,..,..,..,..,..,..,..,..,..,99.9000015258789,..,..,..,..,..,..,..,..,..,99.9000015258789,..,..,..,..,..,..
Belarus,BLR,"Literacy rate, youth total (% of people ages 15-24)",SE.ADT.1524.LT.ZS,..,..,..,..,..,..,..,..,..,99.7918395996094,..,..,..,..,..,..,..,..,..,99.8232116699219,..,..,..,..,..,..,..,..,..,99.8728332519531,..
Belgium,BEL,"Literacy rate, youth total (% of people ages 15-24)",SE.ADT.1524.LT.ZS,..,..,..,..,..,..,..,..,..,..,..,..,..,..,..,..,..,..,..,..,..,..,..,..,..,..,..,..,..,..,..
Belize,BLZ,"Literacy rate, youth total (% of people ages 15-24)",SE.ADT.1524.LT.ZS,..,77.641471862793,..,..,..,..,..,..,..,..,84.2230529785156,..,..,..,..,..,..,..,..,..,..,..,..,..,..,..,..,..,..,..,..
Benin,BEN,"Literacy rate, youth total (% of people ages 15-24)",SE.ADT.1524.LT.ZS,..,..,39.8766098022461,..,..,..,..,..,..,..,..,..,45.3096199035645,..,..,..,42.3627014160156,..,..,..,..,..,52.4924697875977,..,..,..,..,..,60.9480781555176,..,..
Bermuda,BMU,"Literacy rate, youth total (% of people ages 15-24)",SE.ADT.1524.LT.ZS,..,..,..,..,..,..,..,..,..,..,..,..,..,..,..,..,..,..,..,..,..,..,..,..,..,..,..,..,..,..,..
Bhutan,BTN,"Literacy rate, youth total (% of people ages 15-24)",SE.ADT.1524.LT.ZS,..,..,..,..,..,..,..,..,..,..,..,..,..,..,..,74.4052124023438,..,..,..,..,..,..,86.0590133666992,..,..,..,..,93.0906295776367,..,..,..
Bolivia,BOL,"Literacy rate, youth total (% of people ages 15-24)",SE.ADT.1524.LT.ZS,..,..,93.896110534668,..,..,..,..,..,..,..,..,97.3237762451172,..,..,..,..,..,99.4413604736328,99.1224975585938,99.3839721679688,..,99.0075225830078,98.9958801269531,..,..,99.399169921875,..,..,..,..,99.5565872192383
Bosnia and Herzegovina,BIH,"Literacy rate, youth total (% of people ages 15-24)",SE.ADT.1524.LT.ZS,..,99.0199584960938,..,..,..,..,..,..,..,..,99.7939300537109,..,..,..,..,..,..,..,..,..,..,99.4623107910156,..,99.6624298095703,..,..,..,..,..,..,..
Botswana,BWA,"Literacy rate, youth total (% of people ages 15-24)",SE.ADT.1524.LT.ZS,..,89.25830078125,..,..,..,..,..,..,..,..,..,..,..,93.9574432373047,..,..,..,..,..,..,..,..,..,97.4562911987305,..,..,..,..,..,..,..
Brazil,BRA,"Literacy rate, youth total (% of people ages 15-24)",SE.ADT.1524.LT.ZS,..,..,..,..,..,..,..,..,..,..,94.1841125488281,..,..,..,96.8438568115234,..,97.5822982788086,97.8006286621094,97.8436279296875,98.0655364990234,97.5141220092773,98.4869232177734,98.6196594238281,98.7366790771484,98.8456878662109,98.963752746582,99.1109619140625,99.1554107666016,99.2041702270508,..,..
British Virgin Islands,VGB,"Literacy rate, youth total (% of people ages 15-24)",SE.ADT.1524.LT.ZS,..,..,..,..,..,..,..,..,..,..,..,..,..,..,..,..,..,..,..,..,..,..,..,..,..,..,..,..,..,..,..
Brunei Darussalam,BRN,"Literacy rate, youth total (% of people ages 15-24)",SE.ADT.1524.LT.ZS,..,98.0956726074219,..,..,..,..,..,..,..,..,..,98.8937911987305,..,..,..,..,..,..,..,..,..,99.3667678833008,..,..,..,..,..,..,99.7089385986328,..,..
Bulgaria,BGR,"Literacy rate, youth total (% of people ages 15-24)",SE.ADT.1524.LT.ZS,..,..,..,..,..,..,..,..,..,..,..,98.2124786376953,..,..,..,..,..,..,..,..,..,97.8650512695313,..,..,..,..,..,..,..,..,..
Burkina Faso,BFA,"Literacy rate, youth total (% of people ages 15-24)",SE.ADT.1524.LT.ZS,..,20.180290222168,..,..,..,..,19.4141502380371,..,..,..,..,..,..,31.2292594909668,..,32.9666213989258,32.730598449707,39.2577781677246,..,..,..,..,..,..,50.0962982177734,..,..,..,58.8739814758301,..,..
Burundi,BDI,"Literacy rate, youth total (% of people ages 15-24)",SE.ADT.1524.LT.ZS,53.5552101135254,..,..,..,..,..,..,..,..,..,73.3300628662109,..,..,..,..,..,..,..,61.7387886047363,..,..,..,..,..,79.5596084594727,..,..,88.2217712402344,..,..,..
Cabo Verde,CPV,"Literacy rate, youth total (% of people ages 15-24)",SE.ADT.1524.LT.ZS,88.1679000854492,..,..,..,..,..,..,..,..,..,95.870002746582,..,..,..,..,..,..,..,..,..,..,..,98.1289672851563,..,..,98.1113128662109,..,..,..,..,..
Cambodia,KHM,"Literacy rate, youth total (% of people ages 15-24)",SE.ADT.1524.LT.ZS,..,..,..,..,..,..,..,..,76.3182067871094,..,..,..,..,..,83.3828582763672,..,..,..,87.4713821411133,87.1239318847656,..,..,..,..,90.1418685913086,92.2123565673828,..,..,..,..,..
Cameroon,CMR,"Literacy rate, youth total (% of people ages 15-24)",SE.ADT.1524.LT.ZS,..,..,..,..,..,..,..,..,..,..,83.0982894897461,..,..,..,..,..,..,83.1355667114258,..,..,80.5744400024414,..,..,..,..,..,..,..,85.0800018310547,..,..
Canada,CAN,"Literacy rate, youth total (% of people ages 15-24)",SE.ADT.1524.LT.ZS,..,..,..,..,..,..,..,..,..,..,..,..,..,..,..,..,..,..,..,..,..,..,..,..,..,..,..,..,..,..,..
Caribbean small states,CSS,"Literacy rate, youth total (% of people ages 15-24)",SE.ADT.1524.LT.ZS,..,..,..,92.4138107299805,92.4556274414063,92.6902313232422,92.9260406494141,93.1741409301758,93.6131134033203,93.8938674926758,94.1116333007813,94.3625869750977,94.5965118408203,94.7977676391602,94.969596862793,95.1563034057617,95.205680847168,95.6647109985352,95.781120300293,95.9066696166992,95.9585113525391,96.0677337646484,96.0912017822266,96.5285491943359,96.6560592651367,96.6203765869141,..,..,..,..,..
Cayman Islands,CYM,"Literacy rate, youth total (% of people ages 15-24)",SE.ADT.1524.LT.ZS,..,..,..,..,..,..,..,..,..,..,..,..,..,..,..,..,..,98.9068222045898,..,..,..,..,..,..,..,..,..,..,..,..,..
Central African Republic,CAF,"Literacy rate, youth total (% of people ages 15-24)",SE.ADT.1524.LT.ZS,..,..,..,..,..,..,..,..,..,..,60.8070487976074,..,..,..,..,..,..,..,..,..,36.3562698364258,..,..,..,..,..,..,..,38.2686500549316,..,..
Central Europe and the Baltics,CEB,"Literacy rate, youth total (% of people ages 15-24)",SE.ADT.1524.LT.ZS,99.4512100219727,99.4465179443359,99.4421310424805,99.4370193481445,99.4326095581055,99.4285507202148,99.4260406494141,99.4200897216797,99.4180603027344,99.2005996704102,99.1806335449219,99.1672592163086,99.1547775268555,99.1313323974609,99.1094131469727,99.0911178588867,99.0752182006836,99.0644302368164,99.0724411010742,99.3637084960938,99.3832778930664,99.4017181396484,99.4195709228516,99.4389801025391,99.4587631225586,99.4761199951172,99.4960021972656,..,..,..,..
Chad,TCD,"Literacy rate, youth total (% of people ages 15-24)",SE.ADT.1524.LT.ZS,..,..,..,17.3473796844482,..,..,..,..,..,..,37.5573501586914,..,..,..,41.6731185913086,..,..,..,..,..,..,..,..,..,..,38.7724189758301,30.7916107177734,..,..,..,..
Channel Islands,CHI,"Literacy rate, youth total (% of people ages 15-24)",SE.ADT.1524.LT.ZS,..,..,..,..,..,..,..,..,..,..,..,..,..,..,..,..,..,..,..,..,..,..,..,..,..,..,..,..,..,..,..
Chile,CHL,"Literacy rate, youth total (% of people ages 15-24)",SE.ADT.1524.LT.ZS,..,..,98.4279708862305,..,..,..,..,..,..,..,..,..,98.9909820556641,..,..,..,..,..,99.1535797119141,98.8723831176758,..,99.4081878662109,..,99.0482788085938,..,99.3539428710938,..,99.008659362793,..,..,..
China,CHN,"Literacy rate, youth total (% of people ages 15-24)",SE.ADT.1524.LT.ZS,94.2814712524414,..,..,..,..,..,..,..,..,..,98.8587265014648,..,..,..,..,..,..,..,..,..,99.6422882080078,..,..,..,..,..,..,..,99.7835998535156,..,..
Colombia,COL,"Literacy rate, youth total (% of people ages 15-24)",SE.ADT.1524.LT.ZS,..,..,..,95.4846496582031,..,..,96.995002746582,..,..,..,..,..,..,..,97.9913101196289,97.9583969116211,97.883171081543,97.9686279296875,97.9892730712891,97.9374313354492,98.0984191894531,98.2393798828125,..,..,98.5409469604492,98.5347290039063,98.6683120727539,..,98.8516464233398,98.8267593383789,99.0118179321289
Comoros,COM,"Literacy rate, youth total (% of people ages 15-24)",SE.ADT.1524.LT.ZS,..,..,..,..,..,..,..,..,..,..,80.1857604980469,..,..,..,..,..,..,..,..,..,..,..,71.5812683105469,..,..,..,..,..,78.270393371582,..,..
"Congo, Dem. Rep.",COD,"Literacy rate, youth total (% of people ages 15-24)",SE.ADT.1524.LT.ZS,..,..,..,..,..,..,..,..,..,..,..,70.416259765625,..,..,..,..,..,65.7765274047852,..,..,..,..,83.5975494384766,..,..,..,84.9895095825195,..,..,..,..
"Congo, Rep.",COG,"Literacy rate, youth total (% of people ages 15-24)",SE.ADT.1524.LT.ZS,..,..,..,..,..,..,..,..,..,..,..,..,..,..,..,78.5683517456055,..,..,..,..,..,80.913948059082,..,..,..,..,..,..,82.0547866821289,..,..
Costa Rica,CRI,"Literacy rate, youth total (% of people ages 15-24)",SE.ADT.1524.LT.ZS,..,..,..,..,..,..,..,..,..,..,97.6147003173828,..,..,..,..,..,..,..,..,..,..,99.1336975097656,..,..,..,..,..,..,99.4300003051758,..,..
Cote d'Ivoire,CIV,"Literacy rate, youth total (% of people ages 15-24)",SE.ADT.1524.LT.ZS,..,..,..,..,..,..,..,..,47.058708190918,..,60.7236518859863,..,..,..,..,..,..,..,..,..,..,..,48.3099594116211,..,53.0206909179688,..,..,..,..,83.6264724731445,..
Croatia,HRV,"Literacy rate, youth total (% of people ages 15-24)",SE.ADT.1524.LT.ZS,..,99.6358871459961,..,..,..,..,..,..,..,..,..,99.6486434936523,..,..,..,..,..,..,..,..,..,99.7236328125,..,..,..,..,..,..,..,..,..
Cuba,CUB,"Literacy rate, youth total (% of people ages 15-24)",SE.ADT.1524.LT.ZS,..,..,..,..,..,..,..,..,..,..,..,..,99.9555969238281,..,..,..,..,..,..,..,..,..,99.8746490478516,..,..,..,..,..,..,..,..
Curacao,CUW,"Literacy rate, youth total (% of people ages 15-24)",SE.ADT.1524.LT.ZS,..,..,..,..,..,..,..,..,..,..,..,..,..,..,..,..,..,..,..,..,..,..,..,..,..,..,..,..,..,..,..
Cyprus,CYP,"Literacy rate, youth total (% of people ages 15-24)",SE.ADT.1524.LT.ZS,..,..,99.6213912963867,..,..,..,..,..,..,..,..,99.7749328613281,..,..,..,..,..,..,..,..,..,99.8209915161133,..,..,..,..,..,..,..,..,..
Czech Republic,CZE,"Literacy rate, youth total (% of people ages 15-24)",SE.ADT.1524.LT.ZS,..,..,..,..,..,..,..,..,..,..,..,..,..,..,..,..,..,..,..,..,..,..,..,..,..,..,..,..,..,..,..
Denmark,DNK,"Literacy rate, youth total (% of people ages 15-24)",SE.ADT.1524.LT.ZS,..,..,..,..,..,..,..,..,..,..,..,..,..,..,..,..,..,..,..,..,..,..,..,..,..,..,..,..,..,..,..
Djibouti,DJI,"Literacy rate, youth total (% of people ages 15-24)",SE.ADT.1524.LT.ZS,..,..,..,..,..,..,..,..,..,..,..,..,..,..,..,..,..,..,..,..,..,..,..,..,..,..,..,..,..,..,..
Dominica,DMA,"Literacy rate, youth total (% of people ages 15-24)",SE.ADT.1524.LT.ZS,..,..,..,..,..,..,..,..,..,..,..,..,..,..,..,..,..,..,..,..,..,..,..,..,..,..,..,..,..,..,..
Dominican Republic,DOM,"Literacy rate, youth total (% of people ages 15-24)",SE.ADT.1524.LT.ZS,..,..,..,..,..,..,..,..,..,..,..,..,94.2175674438477,..,..,..,..,95.7868576049805,..,..,96.8057479858398,97.0420532226563,97.0238876342773,97.4724273681641,97.6885299682617,97.6140594482422,98.8394088745117,..,..,..,..
Early-demographic dividend,EAR,"Literacy rate, youth total (% of people ages 15-24)",SE.ADT.1524.LT.ZS,70.8724822998047,71.6790313720703,72.803337097168,73.6360397338867,74.5109176635742,75.4256134033203,76.1943664550781,76.8431625366211,78.8857269287109,79.6491470336914,80.318977355957,80.9289093017578,81.8782424926758,82.6906661987305,83.5399627685547,83.9965209960938,84.4989318847656,84.851448059082,86.6971206665039,87.3152694702148,87.4982681274414,87.7250137329102,88.3721923828125,89.2036972045898,89.864631652832,90.5068817138672,91.008171081543,91.3330535888672,91.6825332641602,92.0837936401367,92.4192733764648
East Asia & Pacific,EAS,"Literacy rate, youth total (% of people ages 15-24)",SE.ADT.1524.LT.ZS,94.2681732177734,94.4375534057617,94.601448059082,94.7434387207031,94.9987869262695,95.2604827880859,95.4674987792969,97.4983367919922,97.5598297119141,97.6425628662109,97.6738586425781,97.7353591918945,97.8294067382813,97.9814529418945,98.0767135620117,98.1594696044922,98.1200866699219,98.378288269043,98.744140625,98.7107925415039,98.6647796630859,98.2505264282227,98.287239074707,98.3157424926758,98.5447311401367,98.5968933105469,98.6183700561523,98.6462936401367,98.6508102416992,98.6892776489258,98.7220916748047
East Asia & Pacific (excluding high income),EAP,"Literacy rate, youth total (% of people ages 15-24)",SE.ADT.1524.LT.ZS,94.3189315795898,94.4962005615234,94.6632766723633,94.8079299926758,95.0595016479492,95.3180770874023,95.5228500366211,97.7281494140625,97.7909774780273,97.8452606201172,97.865608215332,97.9285278320313,98.0159301757813,98.151481628418,98.2333374023438,98.3103179931641,98.2529220581055,98.5171279907227,98.8921737670898,98.8571319580078,98.8414916992188,98.4247817993164,98.4567489624023,98.4813385009766,98.6729888916016,98.7231292724609,98.7409133911133,98.7667770385742,98.7690734863281,98.8050689697266,98.8349685668945
East Asia & Pacific (IDA & IBRD),TEA,"Literacy rate, youth total (% of people ages 15-24)",SE.ADT.1524.LT.ZS,94.2428970336914,94.4224472045898,94.5927886962891,94.7410278320313,94.9974594116211,95.260498046875,95.4690170288086,97.7012023925781,97.7650375366211,97.8202285766602,97.8411483764648,97.9050216674805,97.99365234375,98.1309280395508,98.2138290405273,98.2917022705078,98.2336578369141,98.5007095336914,98.8797836303711,98.8441696166992,98.8280715942383,98.4060974121094,98.4378967285156,98.4621887207031,98.6557464599609,98.7061386108398,98.7238922119141,98.7499618530273,98.7522430419922,98.7887573242188,98.8191223144531
Ecuador,ECU,"Literacy rate, youth total (% of people ages 15-24)",SE.ADT.1524.LT.ZS,96.194709777832,..,..,..,..,..,..,..,..,..,..,96.4372100830078,..,..,..,..,..,98.3914184570313,98.4537506103516,98.800651550293,98.6527099609375,98.6948394775391,98.8316268920898,98.6046371459961,99.097770690918,99.1261978149414,99.0571136474609,99.2550506591797,..,..,98.7670364379883
"Egypt, Arab Rep.",EGY,"Literacy rate, youth total (% of people ages 15-24)",SE.ADT.1524.LT.ZS,..,..,..,..,..,..,73.2186889648438,..,..,..,..,..,..,..,..,84.8534164428711,84.8782730102539,..,..,..,87.5096435546875,..,89.2819213867188,92.0234222412109,..,..,..,88.1925582885742,..,..,..
El Salvador,SLV,"Literacy rate, youth total (% of people ages 15-24)",SE.ADT.1524.LT.ZS,..,..,84.9466400146484,..,..,..,..,..,..,..,..,..,..,..,..,..,94.9509887695313,93.56494140625,95.9574737548828,95.0220565795898,96.0344619750977,96.5450897216797,..,97.2241897583008,..,97.949333190918,98.0085906982422,97.9804534912109,97.9737167358398,98.3463897705078,98.5201568603516
Equatorial Guinea,GNQ,"Literacy rate, youth total (% of people ages 15-24)",SE.ADT.1524.LT.ZS,..,..,..,..,..,..,..,..,..,..,97.1313705444336,..,..,..,..,..,..,..,..,..,97.967041015625,..,..,..,..,..,..,..,..,..,..
Eritrea,ERI,"Literacy rate, youth total (% of people ages 15-24)",SE.ADT.1524.LT.ZS,..,..,..,..,..,..,..,..,..,..,..,..,77.9452896118164,..,..,..,..,..,86.9749069213867,..,..,..,..,..,..,..,..,..,93.2723922729492,..,..
Estonia,EST,"Literacy rate, youth total (% of people ages 15-24)",SE.ADT.1524.LT.ZS,..,..,..,..,..,..,..,..,..,..,99.7705001831055,..,..,..,..,..,..,..,..,..,..,99.9488983154297,..,..,..,..,..,..,..,..,..
Eswatini,SWZ,"Literacy rate, youth total (% of people ages 15-24)",SE.ADT.1524.LT.ZS,..,..,..,..,..,..,..,..,..,..,91.8632431030273,..,..,..,..,..,..,..,..,..,93.5022964477539,..,..,..,..,..,..,..,95.469367980957,..,..
Ethiopia,ETH,"Literacy rate, youth total (% of people ages 15-24)",SE.ADT.1524.LT.ZS,..,..,..,..,33.5853996276855,..,..,..,..,..,..,..,..,..,49.9000015258789,44.6059684753418,..,54.9829788208008,..,..,..,..,..,..,..,..,..,72.7548217773438,..,..,..
Euro area,EMU,"Literacy rate, youth total (% of people ages 15-24)",SE.ADT.1524.LT.ZS,..,..,..,..,..,..,..,..,..,..,..,..,..,..,..,..,..,..,..,..,..,..,..,..,..,..,..,..,..,..,..
Europe & Central Asia,ECS,"Literacy rate, youth total (% of people ages 15-24)",SE.ADT.1524.LT.ZS,98.9655990600586,98.9794998168945,98.8619384765625,98.884880065918,98.9071884155273,98.9288482666016,98.9527969360352,98.9757919311523,98.9686965942383,98.9635467529297,99.0210418701172,99.0502700805664,99.104850769043,99.1129608154297,99.1032562255859,99.1892623901367,99.171142578125,99.2238616943359,99.2201690673828,99.4168395996094,99.4722366333008,99.5011596679688,99.5374069213867,99.5668716430664,99.5940780639648,99.6096496582031,99.6416015625,99.6588668823242,99.6701126098633,99.6848678588867,99.696418762207
Europe & Central Asia (excluding high income),ECA,"Literacy rate, youth total (% of people ages 15-24)",SE.ADT.1524.LT.ZS,98.3343887329102,98.3496932983398,98.3922882080078,98.4383697509766,98.4833221435547,98.5270614624023,98.5756072998047,98.6139526367188,98.6837463378906,98.7191772460938,98.8628692626953,98.9001617431641,98.9288024902344,98.9261169433594,98.8897018432617,99.0174179077148,99.0196075439453,99.0556335449219,99.100700378418,99.3590698242188,99.4401168823242,99.5290069580078,99.5851593017578,99.6259765625,99.6545028686523,99.680061340332,99.7351913452148,99.7375564575195,99.755126953125,99.7687683105469,99.7776336669922
Europe & Central Asia (IDA & IBRD),TEC,"Literacy rate, youth total (% of people ages 15-24)",SE.ADT.1524.LT.ZS,98.5159225463867,98.5288696289063,98.5643997192383,98.6023101806641,98.6393127441406,98.6752624511719,98.7152481079102,98.7470092773438,98.8055801391602,98.785026550293,98.9038925170898,98.9335021972656,98.9563674926758,98.9505233764648,98.915771484375,99.0237121582031,99.0240783691406,99.0539169311523,99.0921401977539,99.3746185302734,99.4489288330078,99.5303192138672,99.5825729370117,99.6217193603516,99.6499404907227,99.6751022338867,99.7259674072266,99.7295303344727,99.7461700439453,99.7591094970703,99.7680435180664
European Union,EUU,"Literacy rate, youth total (% of people ages 15-24)",SE.ADT.1524.LT.ZS,..,..,..,..,..,..,..,..,..,..,..,..,..,..,..,..,..,..,..,..,..,..,..,..,..,..,..,..,..,..,..
Faroe Islands,FRO,"Literacy rate, youth total (% of people ages 15-24)",SE.ADT.1524.LT.ZS,..,..,..,..,..,..,..,..,..,..,..,..,..,..,..,..,..,..,..,..,..,..,..,..,..,..,..,..,..,..,..
Fiji,FJI,"Literacy rate, youth total (% of people ages 15-24)",SE.ADT.1524.LT.ZS,..,..,..,..,..,..,..,..,..,..,..,..,..,..,..,..,..,..,..,..,..,..,..,..,..,..,..,..,..,..,..
Finland,FIN,"Literacy rate, youth total (% of people ages 15-24)",SE.ADT.1524.LT.ZS,..,..,..,..,..,..,..,..,..,..,..,..,..,..,..,..,..,..,..,..,..,..,..,..,..,..,..,..,..,..,..
France,FRA,"Literacy rate, youth total (% of people ages 15-24)",SE.ADT.1524.LT.ZS,..,..,..,..,..,..,..,..,..,..,..,..,..,..,..,..,..,..,..,..,..,..,..,..,..,..,..,..,..,..,..
French Polynesia,PYF,"Literacy rate, youth total (% of people ages 15-24)",SE.ADT.1524.LT.ZS,..,..,..,..,..,..,..,..,..,..,..,..,..,..,..,..,..,..,..,..,..,..,..,..,..,..,..,..,..,..,..
Gabon,GAB,"Literacy rate, youth total (% of people ages 15-24)",SE.ADT.1524.LT.ZS,..,..,..,93.2087173461914,..,..,..,..,..,..,..,..,..,..,..,..,..,..,..,..,..,..,88.5041427612305,..,..,..,..,..,89.7836608886719,..,..
"Gambia, The",GMB,"Literacy rate, youth total (% of people ages 15-24)",SE.ADT.1524.LT.ZS,..,..,..,..,..,..,..,..,..,..,52.5550193786621,..,..,..,..,..,..,..,..,..,..,..,..,60.7779006958008,..,67.161376953125,..,..,..,..,..
Georgia,GEO,"Literacy rate, youth total (% of people ages 15-24)",SE.ADT.1524.LT.ZS,..,..,..,..,..,..,..,..,..,..,..,..,99.8254165649414,..,..,..,..,..,..,..,..,..,..,..,99.7026062011719,..,..,99.6408081054688,..,99.7042083740234,..
Germany,DEU,"Literacy rate, youth total (% of people ages 15-24)",SE.ADT.1524.LT.ZS,..,..,..,..,..,..,..,..,..,..,..,..,..,..,..,..,..,..,..,..,..,..,..,..,..,..,..,..,..,..,..
Ghana,GHA,"Literacy rate, youth total (% of people ages 15-24)",SE.ADT.1524.LT.ZS,..,..,..,..,..,..,..,..,..,..,70.6630630493164,..,..,..,..,..,..,..,..,..,85.7161483764648,..,..,..,..,..,..,..,92.490966796875,..,..
Gibraltar,GIB,"Literacy rate, youth total (% of people ages 15-24)",SE.ADT.1524.LT.ZS,..,..,..,..,..,..,..,..,..,..,..,..,..,..,..,..,..,..,..,..,..,..,..,..,..,..,..,..,..,..,..
Greece,GRC,"Literacy rate, youth total (% of people ages 15-24)",SE.ADT.1524.LT.ZS,..,98.9839935302734,..,..,..,..,..,..,..,..,..,98.9405288696289,..,..,..,99.529182434082,..,99.5619201660156,..,99.4910888671875,..,98.8148574829102,..,..,..,..,..,..,99.1600036621094,..,..
Greenland,GRL,"Literacy rate, youth total (% of people ages 15-24)",SE.ADT.1524.LT.ZS,..,..,..,..,..,..,..,..,..,..,..,..,..,..,..,..,..,..,..,..,..,..,..,..,..,..,..,..,..,..,..
Grenada,GRD,"Literacy rate, youth total (% of people ages 15-24)",SE.ADT.1524.LT.ZS,..,..,..,..,99.1999969482422,..,..,..,..,..,..,..,..,..,99.1999969482422,..,..,..,..,..,..,..,..,..,99.1999969482422,..,..,..,..,..,..
Guam,GUM,"Literacy rate, youth total (% of people ages 15-24)",SE.ADT.1524.LT.ZS,99.879997253418,..,..,..,..,..,..,..,..,..,..,..,..,..,..,..,..,..,..,..,..,..,..,..,..,..,..,..,..,..,..
Guatemala,GTM,"Literacy rate, youth total (% of people ages 15-24)",SE.ADT.1524.LT.ZS,..,..,..,..,75.9882125854492,..,..,..,..,..,..,..,82.2202606201172,..,..,..,..,..,..,..,..,..,93.6534729003906,91.851921081543,94.354248046875,..,..,..,94.6041488647461,..,..
Guinea,GIN,"Literacy rate, youth total (% of people ages 15-24)",SE.ADT.1524.LT.ZS,..,..,..,..,..,..,27.7163906097412,..,..,..,..,..,..,47.0912590026855,..,..,..,..,..,..,31.4064197540283,..,..,..,46.295051574707,..,..,..,53.9405212402344,..,..
Guinea-Bissau,GNB,"Literacy rate, youth total (% of people ages 15-24)",SE.ADT.1524.LT.ZS,..,..,..,..,..,..,..,..,..,..,59.4928512573242,..,..,..,..,..,..,..,..,..,..,..,..,..,60.4023513793945,..,..,..,..,..,..
Guyana,GUY,"Literacy rate, youth total (% of people ages 15-24)",SE.ADT.1524.LT.ZS,..,..,..,..,..,..,..,..,..,..,..,..,..,..,..,..,..,..,..,93.0989379882813,..,..,..,..,96.6896667480469,..,..,..,..,..,..
Haiti,HTI,"Literacy rate, youth total (% of people ages 15-24)",SE.ADT.1524.LT.ZS,..,..,..,..,..,..,..,..,..,..,..,..,..,81.6163330078125,..,..,72.3467178344727,..,..,..,..,..,..,..,..,..,82.9942474365234,..,..,..,..
Heavily indebted poor countries (HIPC),HPC,"Literacy rate, youth total (% of people ages 15-24)",SE.ADT.1524.LT.ZS,58.3188896179199,58.0004806518555,57.6511497497559,57.7095413208008,57.7621612548828,57.5611991882324,57.8110809326172,58.2298698425293,58.0286712646484,58.8369598388672,59.3974685668945,59.8939208984375,61.5814590454102,62.3776016235352,63.8354682922363,63.0612411499023,61.6985511779785,63.2524681091309,63.6609916687012,64.1307067871094,65.2720718383789,67.6121063232422,69.3593673706055,70.3863220214844,71.3092269897461,72.0269470214844,72.6354827880859,73.6316833496094,74.1113204956055,74.7001037597656,75.2928771972656
High income,HIC,"Literacy rate, youth total (% of people ages 15-24)",SE.ADT.1524.LT.ZS,..,..,..,..,..,..,..,..,..,..,..,..,..,..,..,..,..,..,..,..,..,..,..,..,..,..,..,..,..,..,..
Honduras,HND,"Literacy rate, youth total (% of people ages 15-24)",SE.ADT.1524.LT.ZS,..,..,..,..,..,..,..,..,..,..,..,88.9427185058594,..,..,..,..,..,93.9243087768555,..,..,95.1506881713867,95.9250030517578,94.9809494018555,95.0664901733398,95.6770706176758,96.0075073242188,96.1265411376953,..,96.5158386230469,96.0838928222656,..
"Hong Kong SAR, China",HKG,"Literacy rate, youth total (% of people ages 15-24)",SE.ADT.1524.LT.ZS,..,..,..,..,..,..,..,..,..,..,..,..,..,..,..,..,..,..,..,..,..,..,..,..,..,..,..,..,..,..,..
Hungary,HUN,"Literacy rate, youth total (% of people ages 15-24)",SE.ADT.1524.LT.ZS,..,..,..,..,..,..,..,..,..,..,..,..,..,..,..,..,..,..,..,..,..,..,..,..,98.8000030517578,..,..,..,..,..,..
IBRD only,IBD,"Literacy rate, youth total (% of people ages 15-24)",SE.ADT.1524.LT.ZS,85.3287811279297,85.7412185668945,86.1780166625977,86.4703903198242,86.837760925293,87.2366333007813,87.6051177978516,88.7924575805664,89.7546768188477,90.061882019043,90.4032516479492,90.7668304443359,91.2013626098633,91.7516937255859,92.1472702026367,92.5112075805664,92.6961135864258,93.352409362793,93.8758392333984,93.9651412963867,93.962760925293,94.229377746582,94.8401794433594,95.0966262817383,95.481330871582,95.4083633422852,95.8584594726563,96.0633010864258,95.872802734375,96.075439453125,96.2737121582031
Iceland,ISL,"Literacy rate, youth total (% of people ages 15-24)",SE.ADT.1524.LT.ZS,..,..,..,..,..,..,..,..,..,..,..,..,..,..,..,..,..,..,..,..,..,..,..,..,..,..,..,..,..,..,..
IDA & IBRD total,IBT,"Literacy rate, youth total (% of people ages 15-24)",SE.ADT.1524.LT.ZS,80.6056900024414,80.8812637329102,81.3293991088867,81.6466217041016,81.9861221313477,82.3212966918945,82.6503295898438,83.6110763549805,84.4711227416992,84.8410415649414,84.8717575073242,85.2345809936523,85.8246002197266,86.4098434448242,86.9459991455078,87.1007537841797,87.4359436035156,87.3169937133789,88.2076034545898,88.2826690673828,88.3419799804688,88.5894393920898,89.2080917358398,89.5837936401367,89.9264984130859,89.9728469848633,90.4472427368164,90.6562728881836,90.5718002319336,90.7878494262695,90.9702072143555
IDA blend,IDB,"Literacy rate, youth total (% of people ages 15-24)",SE.ADT.1524.LT.ZS,64.999267578125,65.5596923828125,67.9722213745117,70.0386276245117,70.9819869995117,71.8744277954102,72.7713394165039,73.5138931274414,74.049919128418,74.8314971923828,71.1353302001953,71.784049987793,72.1927185058594,72.8243026733398,73.5012817382813,72.8270416259766,77.215950012207,71.9245834350586,74.0267562866211,74.3569717407227,74.7127227783203,74.8269119262695,75.9612731933594,75.8589706420898,76.5712203979492,77.2821426391602,77.9529113769531,78.0700988769531,78.7601089477539,79.1613922119141,79.5318222045898
IDA only,IDX,"Literacy rate, youth total (% of people ages 15-24)",SE.ADT.1524.LT.ZS,57.8358497619629,57.7825393676758,58.0882415771484,58.4825592041016,59.1576309204102,59.6404190063477,60.132999420166,60.6840591430664,61.8705902099609,62.956958770752,63.7369689941406,64.277587890625,65.9319534301758,66.8069763183594,68.1530303955078,68.0010070800781,67.3363494873047,66.5948867797852,69.1476669311523,69.6492919921875,70.5200271606445,71.4728317260742,72.6492691040039,74.5475082397461,75.2928237915039,76.1329498291016,77.1735534667969,77.9511871337891,78.3009796142578,78.8848724365234,79.3173370361328
IDA total,IDA,"Literacy rate, youth total (% of people ages 15-24)",SE.ADT.1524.LT.ZS,60.4195709228516,60.5650787353516,61.5586891174316,62.5018997192383,63.2655296325684,63.8844108581543,64.5158233642578,65.134651184082,66.1041030883789,67.0876235961914,66.3762130737305,66.9535980224609,68.1865768432617,68.9763336181641,70.0934066772461,69.7662887573242,70.7980575561523,68.5399017333984,70.9265670776367,71.3652877807617,72.0533065795898,72.7103118896484,73.8589782714844,75.0719985961914,75.7968368530273,76.5841979980469,77.4933776855469,78.0460662841797,78.5034866333008,79.0227813720703,79.4314880371094
India,IND,"Literacy rate, youth total (% of people ages 15-24)",SE.ADT.1524.LT.ZS,..,61.9002799987793,..,..,..,..,..,..,..,..,..,76.4256973266602,..,..,..,..,81.130859375,..,..,..,..,86.1448822021484,..,..,..,..,..,..,91.6640396118164,..,..
Indonesia,IDN,"Literacy rate, youth total (% of people ages 15-24)",SE.ADT.1524.LT.ZS,96.2075576782227,..,..,..,..,..,..,..,..,..,..,..,..,..,98.7054595947266,..,96.6510391235352,..,99.4601135253906,99.4737396240234,..,98.7779998779297,..,..,99.6802215576172,99.6700668334961,99.6688079833984,..,99.7070770263672,..,99.7795104980469
"Iran, Islamic Rep.",IRN,"Literacy rate, youth total (% of people ages 15-24)",SE.ADT.1524.LT.ZS,..,86.9742584228516,..,..,..,..,93.0282974243164,..,..,..,..,..,..,..,..,97.4315338134766,96.6437072753906,..,97.8714294433594,..,..,..,98.0143966674805,97.7772979736328,97.9378662109375,..,98.1013488769531,..,..,..,..
Iraq,IRQ,"Literacy rate, youth total (% of people ages 15-24)",SE.ADT.1524.LT.ZS,..,..,..,..,..,..,..,..,..,..,84.7967987060547,..,..,..,..,..,..,..,..,..,..,..,83.5,80.8000030517578,88.8000030517578,..,90.9000015258789,93.5,..,..,..
Ireland,IRL,"Literacy rate, youth total (% of people ages 15-24)",SE.ADT.1524.LT.ZS,..,..,..,..,..,..,..,..,..,..,..,..,..,..,..,..,..,..,..,..,..,..,..,..,..,..,..,..,..,..,..
Isle of Man,IMN,"Literacy rate, youth total (% of people ages 15-24)",SE.ADT.1524.LT.ZS,..,..,..,..,..,..,..,..,..,..,..,..,..,..,..,..,..,..,..,..,..,..,..,..,..,..,..,..,..,..,..
Israel,ISR,"Literacy rate, youth total (% of people ages 15-24)",SE.ADT.1524.LT.ZS,..,..,..,..,..,..,..,..,..,..,..,..,..,..,..,..,..,..,..,..,..,..,..,..,..,..,..,..,..,..,..
Italy,ITA,"Literacy rate, youth total (% of people ages 15-24)",SE.ADT.1524.LT.ZS,..,..,..,..,..,..,..,..,..,..,..,99.8121337890625,..,..,..,..,..,..,..,..,..,99.8596420288086,..,..,..,..,..,..,99.9300003051758,99.8742218017578,..
Jamaica,JAM,"Literacy rate, youth total (% of people ages 15-24)",SE.ADT.1524.LT.ZS,..,..,..,..,..,..,..,..,..,91.6034088134766,..,..,..,..,..,..,..,..,..,..,..,..,..,..,96.3000030517578,..,..,..,..,..,..
Japan,JPN,"Literacy rate, youth total (% of people ages 15-24)",SE.ADT.1524.LT.ZS,..,..,..,..,..,..,..,..,..,..,..,..,..,..,..,..,..,..,..,..,..,..,..,..,..,..,..,..,..,..,..
Jordan,JOR,"Literacy rate, youth total (% of people ages 15-24)",SE.ADT.1524.LT.ZS,..,..,..,..,..,..,..,..,..,..,..,..,..,99.1325912475586,..,98.9753875732422,..,98.9493408203125,..,..,98.7623519897461,99.148681640625,99.1057205200195,..,..,..,..,..,99.3437423706055,..,..
Kazakhstan,KAZ,"Literacy rate, youth total (% of people ages 15-24)",SE.ADT.1524.LT.ZS,..,..,..,..,..,..,..,..,..,99.8451309204102,..,..,..,..,..,..,..,..,..,99.8345108032227,99.8973617553711,..,..,..,..,..,..,..,99.8973617553711,..,..
Kenya,KEN,"Literacy rate, youth total (% of people ages 15-24)",SE.ADT.1524.LT.ZS,..,..,..,..,..,..,..,..,..,..,92.5281829833984,..,..,..,..,..,..,82.3904724121094,..,..,..,..,..,..,86.5256271362305,..,..,..,87.8300018310547,..,..
Kiribati,KIR,"Literacy rate, youth total (% of people ages 15-24)",SE.ADT.1524.LT.ZS,..,..,..,..,..,..,..,..,..,..,..,..,..,..,..,..,..,..,..,..,..,..,..,..,..,..,..,..,..,..,..
"Korea, Dem. People's Rep.",PRK,"Literacy rate, youth total (% of people ages 15-24)",SE.ADT.1524.LT.ZS,..,..,..,..,..,..,..,..,..,..,..,..,..,..,..,..,..,..,99.999641418457,..,..,..,..,..,..,..,..,..,..,..,..
"Korea, Rep.",KOR,"Literacy rate, youth total (% of people ages 15-24)",SE.ADT.1524.LT.ZS,..,..,..,..,..,..,..,..,..,..,..,..,..,..,..,..,..,..,99.9541702270508,..,..,..,..,..,..,..,..,..,..,..,..
Kosovo,XKX,"Literacy rate, youth total (% of people ages 15-24)",SE.ADT.1524.LT.ZS,..,..,..,..,..,..,..,..,..,..,..,..,..,..,..,..,..,..,..,..,..,..,..,..,..,..,..,..,..,..,..
Kuwait,KWT,"Literacy rate, youth total (% of people ages 15-24)",SE.ADT.1524.LT.ZS,..,..,..,..,..,92.0430603027344,..,..,..,..,..,..,..,..,..,99.7333602905273,98.5121688842773,98.4472274780273,98.6433486938477,..,98.8991088867188,..,98.7822570800781,99.1537475585938,..,99.2590866088867,..,99.2435836791992,99.0801315307617,..,99.3033218383789
Kyrgyz Republic,KGZ,"Literacy rate, youth total (% of people ages 15-24)",SE.ADT.1524.LT.ZS,..,..,..,..,..,..,..,..,..,99.6956329345703,..,..,..,..,..,..,..,..,..,99.7518463134766,..,..,..,..,..,..,..,..,99.75,..,..
Lao PDR,LAO,"Literacy rate, youth total (% of people ages 15-24)",SE.ADT.1524.LT.ZS,..,..,..,..,..,71.1336288452148,..,..,..,..,80.5985565185547,78.4579925537109,..,..,..,83.9310607910156,..,..,..,..,..,72.0562286376953,..,..,..,92.4626388549805,..,..,..,..,..
Late-demographic dividend,LTE,"Literacy rate, youth total (% of people ages 15-24)",SE.ADT.1524.LT.ZS,93.7439498901367,94.0094299316406,94.2344131469727,94.4709014892578,94.7021179199219,94.9552993774414,95.183967590332,97.2054824829102,97.2899780273438,97.3793029785156,97.4865188598633,97.6269073486328,97.77490234375,98.0793991088867,98.2106094360352,98.3333892822266,98.4595031738281,98.7460174560547,98.8083724975586,98.8329620361328,98.8265686035156,98.9631576538086,99.1590194702148,99.2287902832031,99.2766418457031,99.2938385009766,99.3561019897461,99.3856506347656,99.4029312133789,99.4424362182617,99.4730377197266
Latin America & Caribbean,LCN,"Literacy rate, youth total (% of people ages 15-24)",SE.ADT.1524.LT.ZS,90.9415969848633,91.5489120483398,92.1684722900391,92.7741317749023,93.3716888427734,93.9708023071289,94.2828063964844,94.387077331543,94.6743392944336,94.8691024780273,95.0724716186523,95.1946182250977,95.5662612915039,96.3138732910156,96.4487380981445,96.6370086669922,96.7618026733398,97.0256195068359,97.1653671264648,97.4763793945313,97.3421630859375,97.7891082763672,97.9399108886719,97.9177627563477,98.2339706420898,98.3074493408203,98.4320297241211,98.4700775146484,98.5455322265625,98.5945587158203,98.6464920043945
Latin America & Caribbean (excluding high income),LAC,"Literacy rate, youth total (% of people ages 15-24)",SE.ADT.1524.LT.ZS,90.6005325317383,91.243896484375,91.9006805419922,92.5429763793945,93.1743087768555,93.8067398071289,94.1362609863281,94.2425537109375,94.5448379516602,94.7457885742188,94.9584274291992,95.0769805908203,95.4588470458984,96.2321624755859,96.3630905151367,96.5500793457031,96.6786193847656,96.9446563720703,97.0877914428711,97.4197692871094,97.2785186767578,97.7298202514648,97.8872680664063,97.8735504150391,98.203498840332,98.3040313720703,98.4258880615234,98.4737777709961,98.5497512817383,98.5982284545898,98.6504974365234
Latin America & Caribbean (IDA & IBRD),TLA,"Literacy rate, youth total (% of people ages 15-24)",SE.ADT.1524.LT.ZS,90.6819076538086,91.3223495483398,91.97509765625,92.6127014160156,93.2402191162109,93.8672485351563,94.1962127685547,94.3109283447266,94.6120681762695,94.8164672851563,95.0274200439453,95.1442413330078,95.5147933959961,96.2692337036133,96.3976364135742,96.5812606811523,96.7072830200195,96.9747695922852,97.1157913208008,97.4344024658203,97.2963485717773,97.7529602050781,97.907356262207,97.8851699829102,98.2082595825195,98.3137512207031,98.4390029907227,98.4759216308594,98.5510025024414,98.5995712280273,98.6516723632813
Latvia,LVA,"Literacy rate, youth total (% of people ages 15-24)",SE.ADT.1524.LT.ZS,..,..,..,..,..,..,..,..,..,..,99.7502593994141,..,..,..,..,..,..,..,..,..,..,99.8354263305664,..,..,..,..,..,..,99.8199996948242,..,..
Least developed countries: UN classification,LDC,"Literacy rate, youth total (% of people ages 15-24)",SE.ADT.1524.LT.ZS,56.0125694274902,55.8969993591309,56.1888885498047,56.5774307250977,57.2752685546875,58.1543998718262,58.6350593566895,59.1679611206055,60.4026298522949,61.5164413452148,62.0053405761719,62.4739685058594,64.1430206298828,65.1336517333984,66.5426483154297,66.3022232055664,65.5058898925781,64.4906997680664,67.2152328491211,68.1902694702148,69.1363983154297,70.1972274780273,71.5390319824219,73.6208114624023,74.3454895019531,75.2679901123047,76.4036483764648,77.2486724853516,77.6322402954102,78.2592315673828,78.7119369506836
Lebanon,LBN,"Literacy rate, youth total (% of people ages 15-24)",SE.ADT.1524.LT.ZS,..,..,..,..,..,..,..,..,..,..,..,..,..,..,..,..,..,98.7147903442383,..,99.2433471679688,..,..,..,..,..,..,..,..,99.751823425293,..,..
Lesotho,LSO,"Literacy rate, youth total (% of people ages 15-24)",SE.ADT.1524.LT.ZS,..,..,..,..,..,..,..,..,..,..,90.9269027709961,..,..,..,..,..,..,..,..,83.1944122314453,..,..,..,..,86.6322021484375,..,..,..,..,..,..
Liberia,LBR,"Literacy rate, youth total (% of people ages 15-24)",SE.ADT.1524.LT.ZS,..,..,..,..,..,..,..,..,..,..,..,..,..,..,..,..,..,49.0741081237793,..,..,..,..,..,..,..,..,..,55.3987007141113,..,..,..
Libya,LBY,"Literacy rate, youth total (% of people ages 15-24)",SE.ADT.1524.LT.ZS,..,..,..,..,97.9000015258789,..,..,..,..,..,..,..,..,..,99.5999984741211,..,..,..,..,..,..,..,..,..,..,..,..,..,..,..,..
Liechtenstein,LIE,"Literacy rate, youth total (% of people ages 15-24)",SE.ADT.1524.LT.ZS,..,..,..,..,..,..,..,..,..,..,..,..,..,..,..,..,..,..,..,..,..,..,..,..,..,..,..,..,..,..,..
Lithuania,LTU,"Literacy rate, youth total (% of people ages 15-24)",SE.ADT.1524.LT.ZS,..,..,..,..,..,..,..,..,..,..,..,99.7016677856445,..,..,..,..,..,..,..,..,..,99.8557968139648,..,..,..,..,..,..,..,..,..
Low & middle income,LMY,"Literacy rate, youth total (% of people ages 15-24)",SE.ADT.1524.LT.ZS,80.4703063964844,80.7442932128906,81.1900863647461,81.5028305053711,81.8380584716797,82.1700897216797,82.4975967407227,83.4631118774414,84.3291320800781,84.7053985595703,84.7374877929688,85.1070709228516,85.708366394043,86.3042297363281,86.8500595092773,87.0105667114258,87.3533172607422,87.2373123168945,88.1381683349609,88.2140731811523,88.2770767211914,88.5274200439453,89.15234375,89.5336608886719,89.8805236816406,89.9287185668945,90.4068069458008,90.6198501586914,90.536750793457,90.7551422119141,90.9391479492188
Low income,LIC,"Literacy rate, youth total (% of people ages 15-24)",SE.ADT.1524.LT.ZS,58.0060081481934,57.5822601318359,57.0453186035156,56.8990783691406,56.7952995300293,57.046630859375,57.1580505371094,57.4430503845215,57.8622283935547,58.2216110229492,58.2377014160156,58.7611198425293,61.0844192504883,61.6867904663086,63.4442405700684,62.7431106567383,61.2822189331055,62.7932395935059,63.414119720459,64.3034591674805,64.9581069946289,67.4230270385742,68.3488082885742,69.582649230957,70.049186706543,70.7230529785156,71.2922134399414,72.2225189208984,72.5901184082031,73.0550231933594,73.5284118652344
Lower middle income,LMC,"Literacy rate, youth total (% of people ages 15-24)",SE.ADT.1524.LT.ZS,66.2120819091797,66.9909896850586,68.3132629394531,69.2783432006836,70.3113708496094,71.2214508056641,72.1847534179688,73.0109634399414,75.2471618652344,76.2741088867188,76.5000534057617,77.272590637207,78.0719375610352,79.0140686035156,79.7979507446289,80.2861709594727,81.5904083251953,81.0004501342773,82.7746887207031,83.3327102661133,83.667610168457,84.0282287597656,85.074951171875,86.014778137207,86.7470169067383,87.4863510131836,88.0457534790039,88.4895477294922,88.9678802490234,89.4332275390625,89.8203430175781
Luxembourg,LUX,"Literacy rate, youth total (% of people ages 15-24)",SE.ADT.1524.LT.ZS,..,..,..,..,..,..,..,..,..,..,..,..,..,..,..,..,..,..,..,..,..,..,..,..,..,..,..,..,..,..,..
"Macao SAR, China",MAC,"Literacy rate, youth total (% of people ages 15-24)",SE.ADT.1524.LT.ZS,..,..,..,..,..,..,..,..,..,..,..,99.6335372924805,..,..,..,..,99.6442413330078,..,..,..,..,99.6728973388672,..,..,..,..,99.7987365722656,..,..,..,..
Madagascar,MDG,"Literacy rate, youth total (% of people ages 15-24)",SE.ADT.1524.LT.ZS,..,..,..,..,..,..,..,..,..,..,70.2362213134766,..,..,..,..,57.6305885314941,..,..,..,64.9402465820313,..,..,76.8291625976563,..,..,..,..,..,79.8511734008789,..,..
Malawi,MWI,"Literacy rate, youth total (% of people ages 15-24)",SE.ADT.1524.LT.ZS,..,..,..,..,..,..,..,..,76.0074996948242,..,..,..,..,..,..,..,..,..,..,..,72.1395568847656,..,..,..,76.0819091796875,72.9356079101563,..,..,..,..,..
Malaysia,MYS,"Literacy rate, youth total (% of people ages 15-24)",SE.ADT.1524.LT.ZS,..,95.5638809204102,..,..,..,..,..,..,..,..,97.2378005981445,..,..,..,..,..,..,..,..,..,98.4187088012695,..,..,..,..,..,97.6144714355469,97.2725601196289,96.8503265380859,96.7783966064453,..
Maldives,MDV,"Literacy rate, youth total (% of people ages 15-24)",SE.ADT.1524.LT.ZS,98.1996231079102,..,..,..,..,98.1701202392578,..,..,..,..,98.1701202392578,..,..,..,..,..,99.3010101318359,..,..,..,..,..,..,..,99.2683792114258,..,98.7536468505859,..,..,..,..
Mali,MLI,"Literacy rate, youth total (% of people ages 15-24)",SE.ADT.1524.LT.ZS,..,..,..,..,..,..,..,..,24.1866703033447,..,..,..,..,..,..,..,38.8161201477051,..,..,..,44.3017082214355,42.0952796936035,..,..,..,49.3665313720703,..,..,50.1347007751465,..,46.157341003418
Malta,MLT,"Literacy rate, youth total (% of people ages 15-24)",SE.ADT.1524.LT.ZS,..,..,..,..,..,96.0322723388672,..,..,..,..,..,..,..,..,..,98.2650299072266,..,..,..,..,..,98.8819427490234,..,..,..,..,..,..,99.3007125854492,..,..
Marshall Islands,MHL,"Literacy rate, youth total (% of people ages 15-24)",SE.ADT.1524.LT.ZS,..,..,..,..,..,..,..,..,..,..,..,..,..,..,..,..,..,..,..,..,..,98.4587783813477,..,..,..,..,..,..,..,..,..
Mauritania,MRT,"Literacy rate, youth total (% of people ages 15-24)",SE.ADT.1524.LT.ZS,..,..,..,..,..,..,..,..,..,..,61.3366508483887,..,..,..,..,..,..,56.122428894043,..,..,..,..,..,71.0320816040039,..,..,..,63.947811126709,..,..,..
Mauritius,MUS,"Literacy rate, youth total (% of people ages 15-24)",SE.ADT.1524.LT.ZS,91.1919937133789,..,..,..,..,..,..,..,..,..,94.5389633178711,..,..,..,..,..,..,..,..,..,..,98.1303482055664,..,..,..,..,..,..,..,..,..
Mexico,MEX,"Literacy rate, youth total (% of people ages 15-24)",SE.ADT.1524.LT.ZS,95.4182434082031,..,..,..,..,..,..,..,..,..,96.6122817993164,..,97.6045837402344,..,97.5644378662109,97.6358413696289,97.8956604003906,98.1560897827148,98.3823013305664,98.524658203125,98.4345169067383,98.4617691040039,98.8754196166992,98.5644989013672,99.0000381469727,98.944709777832,99.1162033081055,99.1246871948242,99.3184509277344,..,99.0824127197266
"Micronesia, Fed. Sts.",FSM,"Literacy rate, youth total (% of people ages 15-24)",SE.ADT.1524.LT.ZS,..,..,..,..,..,..,..,..,..,..,..,..,..,..,..,..,..,..,..,..,..,..,..,..,..,..,..,..,..,..,..
Middle East & North Africa,MEA,"Literacy rate, youth total (% of people ages 15-24)",SE.ADT.1524.LT.ZS,77.4648284912109,78.9982833862305,80.041389465332,80.0097885131836,80.949821472168,82.2594299316406,83.2239379882813,83.9835968017578,84.6314468383789,85.3164367675781,85.9449920654297,86.719482421875,87.5954284667969,88.5490493774414,89.0898590087891,89.5196075439453,89.571647644043,90.1842193603516,90.9100723266602,88.6579437255859,88.9347610473633,88.9949569702148,92.6123123168945,92.9809722900391,93.9331665039063,90.7745590209961,93.019660949707,93.5956573486328,89.9019927978516,90.1192626953125,90.3305282592773
Middle East & North Africa (excluding high income),MNA,"Literacy rate, youth total (% of people ages 15-24)",SE.ADT.1524.LT.ZS,76.0761184692383,77.6935119628906,78.870002746582,78.7678909301758,79.7724685668945,81.1804428100586,82.164909362793,82.9396133422852,83.4617004394531,84.1886367797852,84.8674087524414,85.6580810546875,86.5807189941406,87.7165298461914,88.2794418334961,88.7115478515625,88.6929931640625,89.314208984375,90.0771484375,87.4709320068359,87.7642288208008,87.6828308105469,91.7632827758789,92.17578125,93.2511291503906,89.6596069335938,92.2020797729492,92.8519973754883,88.647590637207,88.9077377319336,89.1712188720703
Middle East & North Africa (IDA & IBRD),TMN,"Literacy rate, youth total (% of people ages 15-24)",SE.ADT.1524.LT.ZS,75.8809127807617,77.5125427246094,78.6990509033203,78.5926666259766,79.6041717529297,81.0234909057617,82.0155181884766,82.7955017089844,83.3203506469727,84.0526962280273,84.7368469238281,85.5342178344727,86.4521102905273,87.5989990234375,88.1667022705078,88.6003189086914,88.5776672363281,89.202018737793,89.9683380126953,87.3238677978516,87.6149597167969,87.52587890625,91.657958984375,92.0718383789063,93.1598205566406,89.5112609863281,92.0899200439453,92.7481994628906,88.4771194458008,88.7406616210938,89.007942199707
Middle income,MIC,"Literacy rate, youth total (% of people ages 15-24)",SE.ADT.1524.LT.ZS,82.1288986206055,82.48828125,83.0465774536133,83.4368209838867,83.8522186279297,84.238410949707,84.6252517700195,85.6956481933594,86.6495895385742,87.0727310180664,87.1455917358398,87.5343627929688,88.0027313232422,88.6222763061523,89.0821228027344,89.3632278442383,89.9247131347656,89.6993408203125,90.6905899047852,90.75244140625,90.8301391601563,90.9143295288086,91.5900497436523,91.9593276977539,92.3803405761719,92.4329299926758,92.9761505126953,93.1634063720703,93.0841293334961,93.3320693969727,93.537956237793
Moldova,MDA,"Literacy rate, youth total (% of people ages 15-24)",SE.ADT.1524.LT.ZS,..,..,..,..,..,..,..,..,..,..,99.5250778198242,..,..,..,..,..,..,..,..,..,..,..,..,..,99.8110122680664,..,..,..,..,..,..
Monaco,MCO,"Literacy rate, youth total (% of people ages 15-24)",SE.ADT.1524.LT.ZS,..,..,..,..,..,..,..,..,..,..,..,..,..,..,..,..,..,..,..,..,..,..,..,..,..,..,..,..,..,..,..
Mongolia,MNG,"Literacy rate, youth total (% of people ages 15-24)",SE.ADT.1524.LT.ZS,..,..,..,..,..,..,..,..,..,..,97.7101211547852,..,..,..,..,..,..,..,..,..,98.4602508544922,..,..,..,..,..,..,..,..,..,99.0743408203125
Montenegro,MNE,"Literacy rate, youth total (% of people ages 15-24)",SE.ADT.1524.LT.ZS,..,99.1458587646484,..,..,..,..,..,..,..,..,..,..,..,99.410270690918,..,..,..,..,..,..,..,99.2118225097656,..,..,..,..,..,..,99.1100006103516,..,..
Morocco,MAR,"Literacy rate, youth total (% of people ages 15-24)",SE.ADT.1524.LT.ZS,..,..,..,..,58.4348907470703,..,..,..,..,..,..,..,..,..,70.4575881958008,..,..,..,77.8629608154297,79.4736862182617,..,81.5100708007813,91.2209625244141,..,..,..,..,..,97.7300033569336,..,..
Mozambique,MOZ,"Literacy rate, youth total (% of people ages 15-24)",SE.ADT.1524.LT.ZS,..,..,..,..,..,..,..,46.9700012207031,..,..,..,..,..,61.8928909301758,..,..,..,..,..,67.1496429443359,..,..,..,..,..,70.5251007080078,..,70.9124526977539,..,..,..
Myanmar,MMR,"Literacy rate, youth total (% of people ages 15-24)",SE.ADT.1524.LT.ZS,..,..,..,..,..,..,..,..,..,..,94.586311340332,..,..,..,..,..,..,..,..,..,..,..,..,..,..,..,84.7511596679688,..,..,95.4151229858398,..
Namibia,NAM,"Literacy rate, youth total (% of people ages 15-24)",SE.ADT.1524.LT.ZS,..,88.1124267578125,..,..,..,..,..,..,..,..,..,92.4243774414063,..,..,..,..,..,87.0954132080078,..,..,..,94.4194412231445,..,..,..,..,..,..,95.1649017333984,..,..
Nauru,NRU,"Literacy rate, youth total (% of people ages 15-24)",SE.ADT.1524.LT.ZS,..,..,..,..,..,..,..,..,..,..,..,..,..,..,..,..,..,..,..,..,..,..,..,..,..,..,..,..,..,..,..
Nepal,NPL,"Literacy rate, youth total (% of people ages 15-24)",SE.ADT.1524.LT.ZS,..,49.6037216186523,..,..,..,..,..,..,..,..,..,70.0536193847656,..,..,..,..,..,..,..,..,..,84.7571487426758,..,..,..,..,..,..,92.3938064575195,..,..
Netherlands,NLD,"Literacy rate, youth total (% of people ages 15-24)",SE.ADT.1524.LT.ZS,..,..,..,..,..,..,..,..,..,..,..,..,..,..,..,..,..,..,..,..,..,..,..,..,..,..,..,..,..,..,..
New Caledonia,NCL,"Literacy rate, youth total (% of people ages 15-24)",SE.ADT.1524.LT.ZS,..,..,..,..,..,..,99.0928802490234,..,..,..,..,..,..,..,..,..,..,..,..,..,..,..,..,..,99.1999969482422,..,..,..,..,..,..
New Zealand,NZL,"Literacy rate, youth total (% of people ages 15-24)",SE.ADT.1524.LT.ZS,..,..,..,..,..,..,..,..,..,..,..,..,..,..,..,..,..,..,..,..,..,..,..,..,..,..,..,..,..,..,..
Nicaragua,NIC,"Literacy rate, youth total (% of people ages 15-24)",SE.ADT.1524.LT.ZS,..,..,..,..,..,..,..,..,..,..,..,86.2225189208984,..,..,..,87.0092468261719,..,..,..,..,..,..,..,..,..,91.57177734375,..,..,..,..,..
Niger,NER,"Literacy rate, youth total (% of people ages 15-24)",SE.ADT.1524.LT.ZS,..,..,..,..,..,..,..,..,..,..,..,19.7911891937256,..,..,..,36.5467796325684,..,..,..,..,..,..,39.7877311706543,..,..,..,..,..,43.4599990844727,..,..
Nigeria,NGA,"Literacy rate, youth total (% of people ages 15-24)",SE.ADT.1524.LT.ZS,..,71.1890563964844,..,..,..,..,..,..,..,..,..,..,..,68.993782043457,..,..,78.6944274902344,..,66.3835372924805,..,..,..,..,..,..,..,..,..,75.0287475585938,..,..
North America,NAC,"Literacy rate, youth total (% of people ages 15-24)",SE.ADT.1524.LT.ZS,..,..,..,..,..,..,..,..,..,..,..,..,..,..,..,..,..,..,..,..,..,..,..,..,..,..,..,..,..,..,..
North Macedonia,MKD,"Literacy rate, youth total (% of people ages 15-24)",SE.ADT.1524.LT.ZS,..,..,..,..,98.8611679077148,..,..,..,..,..,..,..,98.7426986694336,..,..,..,..,..,..,..,..,..,..,..,98.5999984741211,..,..,..,..,..,..
Northern Mariana Islands,MNP,"Literacy rate, youth total (% of people ages 15-24)",SE.ADT.1524.LT.ZS,..,..,..,..,..,..,..,..,..,..,..,..,..,..,..,..,..,..,..,..,..,..,..,..,..,..,..,..,..,..,..
Norway,NOR,"Literacy rate, youth total (% of people ages 15-24)",SE.ADT.1524.LT.ZS,..,..,..,..,..,..,..,..,..,..,..,..,..,..,..,..,..,..,..,..,..,..,..,..,..,..,..,..,..,..,..
OECD members,OED,"Literacy rate, youth total (% of people ages 15-24)",SE.ADT.1524.LT.ZS,..,..,..,..,..,..,..,..,..,..,..,..,..,..,..,..,..,..,..,..,..,..,..,..,..,..,..,..,..,..,..
Oman,OMN,"Literacy rate, youth total (% of people ages 15-24)",SE.ADT.1524.LT.ZS,..,..,..,..,..,..,..,..,..,..,..,..,..,97.2813262939453,..,..,..,..,97.6298217773438,..,97.7437286376953,..,..,..,99.0943222045898,99.1537322998047,98.7035598754883,98.6624374389648,98.6178283691406,..,..
Other small states,OSS,"Literacy rate, youth total (% of people ages 15-24)",SE.ADT.1524.LT.ZS,85.4411087036133,85.8078765869141,85.9430313110352,86.1331176757813,86.1980895996094,86.3628463745117,86.7578582763672,87.1903305053711,87.6706390380859,87.9583892822266,87.9612579345703,88.4551010131836,88.6487121582031,88.7949981689453,88.8669586181641,89.0155181884766,88.5544128417969,87.8688888549805,88.076057434082,87.1907501220703,86.7718887329102,87.4812774658203,87.8653793334961,88.2514266967773,88.6672592163086,89.4409408569336,89.5470733642578,89.7440032958984,89.9303894042969,90.1911468505859,90.4656600952148
Pakistan,PAK,"Literacy rate, youth total (% of people ages 15-24)",SE.ADT.1524.LT.ZS,..,..,..,..,..,..,..,..,55.3305206298828,..,..,..,..,..,..,65.0865783691406,69.1658020019531,66.2847137451172,71.112907409668,70.67626953125,71.2596206665039,70.7693328857422,72.5834197998047,71.6362228393555,72.7954025268555,..,..,74.5263824462891,71.9948425292969,72.7035598754883,..
Palau,PLW,"Literacy rate, youth total (% of people ages 15-24)",SE.ADT.1524.LT.ZS,..,..,..,..,..,..,..,..,..,..,..,..,..,..,..,..,..,..,..,..,..,..,..,99.83837890625,..,98.664436340332,..,..,..,..,..
Panama,PAN,"Literacy rate, youth total (% of people ages 15-24)",SE.ADT.1524.LT.ZS,95.0867767333984,..,..,..,..,..,..,..,..,..,96.0798492431641,..,..,..,..,..,..,..,..,..,97.6385269165039,..,..,..,..,..,..,..,99.0990905761719,98.8817367553711,..
Papua New Guinea,PNG,"Literacy rate, youth total (% of people ages 15-24)",SE.ADT.1524.LT.ZS,..,..,..,..,..,..,..,..,..,..,66.6789932250977,..,..,..,..,..,..,..,..,..,67.9000015258789,..,..,..,..,..,..,..,..,..,..
Paraguay,PRY,"Literacy rate, youth total (% of people ages 15-24)",SE.ADT.1524.LT.ZS,..,..,95.6073379516602,..,..,..,..,..,..,..,..,..,..,..,..,..,..,98.7944564819336,97.964241027832,98.4972915649414,98.6104507446289,..,98.1779174804688,98.8991317749023,98.7137985229492,98.6536026000977,98.4505996704102,..,98.2815170288086,98.3552322387695,98.6447067260742
Peru,PER,"Literacy rate, youth total (% of people ages 15-24)",SE.ADT.1524.LT.ZS,..,..,..,95.3666305541992,..,..,..,..,..,..,..,..,..,..,96.7556304931641,97.1237564086914,97.7571334838867,97.3562164306641,..,..,..,..,98.6981582641602,..,98.9775314331055,99.0095367431641,98.8834915161133,99.0574798583984,99.0237579345703,..,99.4363632202148
Philippines,PHL,"Literacy rate, youth total (% of people ages 15-24)",SE.ADT.1524.LT.ZS,96.5780792236328,..,..,..,96.0367736816406,..,..,..,..,..,95.0897521972656,..,..,95.0572128295898,..,..,..,..,97.7508010864258,..,..,..,..,98.1083526611328,..,99.0826034545898,..,..,..,98.3845062255859,..
Poland,POL,"Literacy rate, youth total (% of people ages 15-24)",SE.ADT.1524.LT.ZS,..,..,..,..,..,..,..,..,99.7968292236328,..,..,..,..,..,..,..,..,..,99.7968292236328,..,..,..,..,..,..,..,..,..,..,..,..
Portugal,PRT,"Literacy rate, youth total (% of people ages 15-24)",SE.ADT.1524.LT.ZS,..,99.1994934082031,..,..,..,..,..,..,..,..,..,..,..,..,..,..,..,..,..,..,..,99.4351196289063,..,..,..,..,..,..,99.6639175415039,..,..
Post-demographic dividend,PST,"Literacy rate, youth total (% of people ages 15-24)",SE.ADT.1524.LT.ZS,..,..,..,..,..,..,..,..,..,..,..,..,..,..,..,..,..,..,..,..,..,..,..,..,..,..,..,..,..,..,..
Pre-demographic dividend,PRE,"Literacy rate, youth total (% of people ages 15-24)",SE.ADT.1524.LT.ZS,65.3959274291992,65.1225280761719,65.3701934814453,65.7762603759766,66.2374496459961,66.3219604492188,66.8002471923828,67.3598937988281,67.3099975585938,68.1325225830078,65.8805389404297,66.3177032470703,66.7601013183594,67.0429229736328,67.4712829589844,66.7291412353516,67.3818664550781,64.7395629882813,64.8904266357422,63.9442710876465,64.8756408691406,66.8345108032227,69.7429122924805,70.5135192871094,71.6207885742188,70.7772827148438,72.8918075561523,73.855712890625,72.9390563964844,73.5455474853516,74.1419906616211
Puerto Rico,PRI,"Literacy rate, youth total (% of people ages 15-24)",SE.ADT.1524.LT.ZS,93.166877746582,..,..,..,..,..,..,..,..,..,..,..,..,..,..,..,..,..,..,..,98.8341827392578,..,..,..,..,..,..,92.3898315429688,..,..,..
Qatar,QAT,"Literacy rate, youth total (% of people ages 15-24)",SE.ADT.1524.LT.ZS,..,..,..,..,..,..,..,94.7907485961914,..,..,..,..,..,..,94.7797698974609,..,..,95.9142913818359,93.5299835205078,94.803352355957,92.4288177490234,94.6094131469727,93.9443588256836,91.7935791015625,93.6445236206055,..,95.4636535644531,94.6441116333008,..,..,..
Romania,ROU,"Literacy rate, youth total (% of people ages 15-24)",SE.ADT.1524.LT.ZS,..,..,99.1074600219727,..,..,..,..,..,..,..,..,..,97.7614898681641,..,..,..,..,..,..,..,..,98.9956893920898,..,..,..,..,..,..,99.4291915893555,..,..
Russian Federation,RUS,"Literacy rate, youth total (% of people ages 15-24)",SE.ADT.1524.LT.ZS,..,..,..,..,..,..,..,..,..,..,..,..,99.7246017456055,..,..,..,..,..,..,..,99.709602355957,..,..,..,..,..,..,..,99.6984481811523,..,..
Rwanda,RWA,"Literacy rate, youth total (% of people ages 15-24)",SE.ADT.1524.LT.ZS,..,74.8965377807617,..,..,..,..,..,..,..,..,77.6203308105469,..,..,..,..,..,..,..,..,..,77.3446273803711,..,82.3307495117188,..,85.0662384033203,..,..,..,86.4927673339844,..,..
Samoa,WSM,"Literacy rate, youth total (% of people ages 15-24)",SE.ADT.1524.LT.ZS,..,99.0444412231445,..,..,..,..,..,..,..,..,..,..,..,..,..,..,..,..,..,..,..,99.2356567382813,..,..,..,..,..,..,99.1234817504883,..,..
San Marino,SMR,"Literacy rate, youth total (% of people ages 15-24)",SE.ADT.1524.LT.ZS,..,..,..,..,..,..,..,..,..,..,..,..,..,..,..,..,..,..,..,..,..,..,..,..,..,..,..,..,..,..,..
Sao Tome and Principe,STP,"Literacy rate, youth total (% of people ages 15-24)",SE.ADT.1524.LT.ZS,..,93.8499603271484,..,..,..,..,..,..,..,..,..,95.4154586791992,..,..,..,..,..,..,80.2031631469727,..,..,..,96.7384033203125,..,..,..,..,..,97.7825469970703,..,..
Saudi Arabia,SAU,"Literacy rate, youth total (% of people ages 15-24)",SE.ADT.1524.LT.ZS,..,..,87.8556137084961,..,..,..,..,..,..,..,95.9131622314453,..,..,..,95.8496932983398,..,..,..,..,..,..,..,..,99.2217712402344,..,..,..,99.3018798828125,..,..,99.4984130859375
Senegal,SEN,"Literacy rate, youth total (% of people ages 15-24)",SE.ADT.1524.LT.ZS,..,..,..,..,..,..,..,..,..,..,..,..,49.1244888305664,..,..,..,50.8516616821289,..,..,63.3523902893066,..,65.7805099487305,..,56.9430084228516,..,..,..,69.4784088134766,..,..,..
Serbia,SRB,"Literacy rate, youth total (% of people ages 15-24)",SE.ADT.1524.LT.ZS,..,..,..,..,..,..,..,..,..,..,..,..,..,99.3567962646484,..,..,..,..,..,..,..,99.3086929321289,..,..,..,..,99.7198181152344,..,..,99.9994430541992,..
Seychelles,SYC,"Literacy rate, youth total (% of people ages 15-24)",SE.ADT.1524.LT.ZS,..,..,..,..,98.8133087158203,..,..,..,..,..,..,..,99.0647735595703,..,..,..,..,..,..,..,98.9713363647461,..,..,..,..,..,..,..,99.0699996948242,..,..
Sierra Leone,SLE,"Literacy rate, youth total (% of people ages 15-24)",SE.ADT.1524.LT.ZS,..,..,..,..,..,..,..,..,..,..,..,..,..,..,47.9276084899902,..,..,..,..,..,..,..,..,57.0221290588379,..,..,..,..,66.6485977172852,..,..
Singapore,SGP,"Literacy rate, youth total (% of people ages 15-24)",SE.ADT.1524.LT.ZS,98.9666976928711,..,..,..,..,..,..,..,..,..,99.5046005249023,..,..,..,..,..,..,..,..,..,99.751823425293,99.8871994018555,99.8949432373047,99.8986129760742,99.9004669189453,99.7848968505859,99.9265823364258,99.9304428100586,99.9296264648438,99.9280471801758,99.7262496948242
Sint Maarten (Dutch part),SXM,"Literacy rate, youth total (% of people ages 15-24)",SE.ADT.1524.LT.ZS,..,..,..,..,..,..,..,..,..,..,..,..,..,..,..,..,..,..,..,..,..,..,..,..,..,..,..,..,..,..,..
Slovak Republic,SVK,"Literacy rate, youth total (% of people ages 15-24)",SE.ADT.1524.LT.ZS,..,..,..,..,..,..,..,..,..,..,..,..,..,..,..,..,..,..,..,..,..,..,..,..,..,..,..,..,..,..,..
Slovenia,SVN,"Literacy rate, youth total (% of people ages 15-24)",SE.ADT.1524.LT.ZS,..,99.7577362060547,..,..,..,..,..,..,..,..,..,..,..,..,99.8000030517578,..,..,..,..,..,..,..,..,..,99.8000030517578,..,..,..,..,..,..
Small states,SST,"Literacy rate, youth total (% of people ages 15-24)",SE.ADT.1524.LT.ZS,87.8880462646484,88.1181182861328,88.1935729980469,88.3178787231445,88.3618087768555,88.5201034545898,88.8313217163086,89.1725463867188,89.59033203125,89.8357315063477,89.8634262084961,90.2493133544922,90.4181823730469,90.547248840332,90.6180267333984,90.7470092773438,90.3893508911133,89.9422378540039,90.0958862304688,89.4461669921875,89.1417388916016,89.6711883544922,89.9507369995117,90.3174514770508,90.6519165039063,91.2265319824219,91.2965316772461,91.4360809326172,91.5719909667969,91.7667083740234,91.9748229980469
Solomon Islands,SLB,"Literacy rate, youth total (% of people ages 15-24)",SE.ADT.1524.LT.ZS,..,..,..,..,..,..,..,..,..,..,..,..,..,..,..,..,..,..,..,..,..,..,..,..,..,..,..,..,..,..,..
Somalia,SOM,"Literacy rate, youth total (% of people ages 15-24)",SE.ADT.1524.LT.ZS,..,..,..,..,..,..,..,..,..,..,..,..,..,..,..,..,..,..,..,..,..,..,..,..,..,..,..,..,..,..,..
South Africa,ZAF,"Literacy rate, youth total (% of people ages 15-24)",SE.ADT.1524.LT.ZS,..,..,..,..,..,..,93.9051513671875,..,..,..,..,..,..,..,..,..,..,97.5707778930664,..,98.3650894165039,98.6441268920898,98.7896575927734,98.8820419311523,..,98.8822784423828,98.9557800292969,..,95.3238220214844,..,98.4095306396484,..
South Asia,SAS,"Literacy rate, youth total (% of people ages 15-24)",SE.ADT.1524.LT.ZS,57.30182,58.24777,59.93825,61.41477,62.62179,63.80913,64.96911,66.0069,69.54834,70.82187,71.9553,72.94054,74.03113,75.20078,76.20471,77.17958,78.2775,78.33886,81.04232,81.96909,82.21069,82.93099,83.87258,85.17337,85.98569,86.96437,88.08789,88.62945,89.2672,89.95697,90.53485
South Asia (IDA & IBRD),TSA,"Literacy rate, youth total (% of people ages 15-24)",SE.ADT.1524.LT.ZS,57.3018188476563,58.2477684020996,59.9382514953613,61.4147682189941,62.6217918395996,63.8091316223145,64.969108581543,66.0068969726563,69.54833984375,70.8218688964844,71.9552993774414,72.9405364990234,74.0311279296875,75.2007827758789,76.2047119140625,77.1795806884766,78.2774963378906,78.3388595581055,81.0423202514648,81.9690933227539,82.210693359375,82.9309921264648,83.8725814819336,85.1733703613281,85.9856872558594,86.9643707275391,88.087890625,88.6294479370117,89.2671966552734,89.9569702148438,90.5348510742188
South Sudan,SSD,"Literacy rate, youth total (% of people ages 15-24)",SE.ADT.1524.LT.ZS,..,..,..,..,..,..,..,..,..,..,..,..,..,..,..,..,..,..,36.702278137207,..,..,..,..,..,..,..,..,..,47.9009590148926,..,..
Spain,ESP,"Literacy rate, youth total (% of people ages 15-24)",SE.ADT.1524.LT.ZS,..,99.554557800293,..,..,..,..,..,..,..,..,..,..,..,..,99.5581970214844,99.5377883911133,99.5953063964844,99.5693435668945,99.5643081665039,99.5989990234375,99.5946273803711,99.6994018554688,99.6727828979492,99.6692581176758,99.7227630615234,99.6556777954102,99.6221618652344,..,99.7155532836914,..,99.6214218139648
Sri Lanka,LKA,"Literacy rate, youth total (% of people ages 15-24)",SE.ADT.1524.LT.ZS,..,..,..,..,..,..,..,..,..,..,..,95.5886306762695,..,..,..,..,97.4840621948242,..,97.9817962646484,..,98.1579284667969,..,..,..,..,..,98.6889877319336,98.8564605712891,98.7819366455078,98.9679565429688,98.8592300415039
St. Kitts and Nevis,KNA,"Literacy rate, youth total (% of people ages 15-24)",SE.ADT.1524.LT.ZS,..,..,..,..,..,..,..,..,..,..,..,..,..,..,..,..,..,..,..,..,..,..,..,..,..,..,..,..,..,..,..
St. Lucia,LCA,"Literacy rate, youth total (% of people ages 15-24)",SE.ADT.1524.LT.ZS,..,..,..,..,..,..,..,..,..,..,..,..,..,..,..,..,..,..,..,..,..,..,..,..,..,..,..,..,..,..,..
St. Martin (French part),MAF,"Literacy rate, youth total (% of people ages 15-24)",SE.ADT.1524.LT.ZS,..,..,..,..,..,..,..,..,..,..,..,..,..,..,..,..,..,..,..,..,..,..,..,..,..,..,..,..,..,..,..
St. Vincent and the Grenadines,VCT,"Literacy rate, youth total (% of people ages 15-24)",SE.ADT.1524.LT.ZS,..,..,..,..,..,..,..,..,..,..,..,..,..,..,..,..,..,..,..,..,..,..,..,..,..,..,..,..,..,..,..
Sub-Saharan Africa,SSF,"Literacy rate, youth total (% of people ages 15-24)",SE.ADT.1524.LT.ZS,65.2575073242188,65.3666000366211,65.6368789672852,66.0128631591797,66.3642501831055,66.4865188598633,66.8847808837891,67.3665313720703,67.3505630493164,68.0561828613281,66.2140808105469,66.6776580810547,67.8840713500977,68.2714080810547,69.5643692016602,68.4528732299805,69.0359497070313,67.6493377685547,67.8580932617188,68.3157730102539,69.2070388793945,70.9651718139648,72.3526077270508,73.1540069580078,73.8243408203125,74.4040832519531,74.9061737060547,75.530632019043,75.9282684326172,76.3155517578125,76.69580078125
Sub-Saharan Africa (excluding high income),SSA,"Literacy rate, youth total (% of people ages 15-24)",SE.ADT.1524.LT.ZS,65.1927871704102,65.303840637207,65.5767822265625,65.9557037353516,66.3098526000977,66.4342575073242,66.8352737426758,67.3167190551758,67.3015899658203,68.0092315673828,66.1648178100586,66.6305999755859,67.8407516479492,68.2305374145508,69.5269470214844,68.4150466918945,68.9997406005859,67.6117706298828,67.8199768066406,68.2783966064453,69.1711807250977,70.9319610595703,72.3216934204102,73.1247634887695,73.7966537475586,74.3778533935547,74.8812026977539,75.5070877075195,75.9059295654297,76.2943801879883,76.6757278442383
Sub-Saharan Africa (IDA & IBRD),TSS,"Literacy rate, youth total (% of people ages 15-24)",SE.ADT.1524.LT.ZS,65.2575073242188,65.3666000366211,65.6368789672852,66.0128631591797,66.3642501831055,66.4865188598633,66.8847808837891,67.3665313720703,67.3505630493164,68.0561828613281,66.2140808105469,66.6776580810547,67.8840713500977,68.2714080810547,69.5643692016602,68.4528732299805,69.0359497070313,67.6493377685547,67.8580932617188,68.3157730102539,69.2070388793945,70.9651718139648,72.3526077270508,73.1540069580078,73.8243408203125,74.4040832519531,74.9061737060547,75.530632019043,75.9282684326172,76.3155517578125,76.69580078125
Sudan,SDN,"Literacy rate, youth total (% of people ages 15-24)",SE.ADT.1524.LT.ZS,..,..,..,..,..,..,..,..,..,..,78.1555862426758,..,..,..,..,..,..,..,65.8053512573242,..,..,..,..,..,..,..,..,..,73,..,..
Suriname,SUR,"Literacy rate, youth total (% of people ages 15-24)",SE.ADT.1524.LT.ZS,..,..,..,..,..,..,..,..,..,..,..,..,..,..,94.8811416625977,..,..,..,99.4164199829102,..,98.3766403198242,..,97.6679000854492,..,..,..,..,..,98.6455612182617,..,..
Sweden,SWE,"Literacy rate, youth total (% of people ages 15-24)",SE.ADT.1524.LT.ZS,..,..,..,..,..,..,..,..,..,..,..,..,..,..,..,..,..,..,..,..,..,..,..,..,..,..,..,..,..,..,..
Switzerland,CHE,"Literacy rate, youth total (% of people ages 15-24)",SE.ADT.1524.LT.ZS,..,..,..,..,..,..,..,..,..,..,..,..,..,..,..,..,..,..,..,..,..,..,..,..,..,..,..,..,..,..,..
Syrian Arab Republic,SYR,"Literacy rate, youth total (% of people ages 15-24)",SE.ADT.1524.LT.ZS,..,..,..,..,..,..,..,..,..,..,..,..,95.1888275146484,..,92.4538116455078,..,..,..,..,..,..,..,..,..,..,..,..,..,..,..,..
Tajikistan,TJK,"Literacy rate, youth total (% of people ages 15-24)",SE.ADT.1524.LT.ZS,..,..,..,..,..,..,..,..,..,..,99.8470611572266,..,..,..,..,..,..,..,..,..,..,..,..,..,99.9000015258789,..,..,..,..,..,..
Tanzania,TZA,"Literacy rate, youth total (% of people ages 15-24)",SE.ADT.1524.LT.ZS,..,..,..,..,..,..,..,..,..,..,..,..,78.3960494995117,..,..,..,..,..,..,..,74.5605163574219,..,85.9400024414063,..,..,85.7551422119141,..,..,..,..,..
Thailand,THA,"Literacy rate, youth total (% of people ages 15-24)",SE.ADT.1524.LT.ZS,..,..,..,..,..,..,..,..,..,..,97.9753875732422,..,..,..,..,98.0509033203125,..,..,..,..,96.5975723266602,..,..,98.3138809204102,..,98.1466293334961,..,..,98.1371688842773,..,..
Timor-Leste,TLS,"Literacy rate, youth total (% of people ages 15-24)",SE.ADT.1524.LT.ZS,..,..,..,..,..,..,..,..,..,..,..,..,..,..,..,..,..,..,..,..,79.528678894043,..,..,..,..,..,..,..,83.5390319824219,..,..
Togo,TGO,"Literacy rate, youth total (% of people ages 15-24)",SE.ADT.1524.LT.ZS,..,..,..,..,..,..,..,..,..,..,74.439567565918,..,..,..,..,..,76.4529418945313,..,..,81.7359924316406,..,79.8859100341797,..,..,..,84.2901077270508,..,..,..,87.8914413452148,..
Tonga,TON,"Literacy rate, youth total (% of people ages 15-24)",SE.ADT.1524.LT.ZS,..,..,..,..,..,..,99.3087387084961,..,..,..,..,..,..,..,..,..,99.4247589111328,..,..,..,..,99.4370269775391,..,..,..,..,..,..,99.4411163330078,..,..
Trinidad and Tobago,TTO,"Literacy rate, youth total (% of people ages 15-24)",SE.ADT.1524.LT.ZS,99.3000030517578,..,..,..,..,..,..,..,..,..,99.4000015258789,..,..,..,..,..,..,..,..,..,99.5999984741211,..,..,..,..,..,..,..,..,..,..
Tunisia,TUN,"Literacy rate, youth total (% of people ages 15-24)",SE.ADT.1524.LT.ZS,..,..,..,..,..,..,..,..,..,..,..,..,..,..,94.338981628418,..,..,96.299690246582,96.8184967041016,..,97.1717224121094,97.304443359375,96.8649978637695,..,96.209098815918,..,..,..,..,..,..
Turkey,TUR,"Literacy rate, youth total (% of people ages 15-24)",SE.ADT.1524.LT.ZS,92.5436630249023,..,..,..,..,..,..,..,..,..,..,..,..,..,95.6035003662109,96.1185531616211,96.1815032958984,96.3623504638672,..,97.8074722290039,98.2245864868164,98.7093505859375,99.0160217285156,99.2274322509766,99.3584823608398,99.4943923950195,99.6213607788086,99.7508697509766,..,99.9071502685547,..
Turkmenistan,TKM,"Literacy rate, youth total (% of people ages 15-24)",SE.ADT.1524.LT.ZS,..,..,..,..,..,99.810417175293,..,..,..,..,..,..,..,..,..,..,..,..,..,..,..,..,..,..,99.8000030517578,..,..,..,..,..,..
Turks and Caicos Islands,TCA,"Literacy rate, youth total (% of people ages 15-24)",SE.ADT.1524.LT.ZS,..,..,..,..,..,..,..,..,..,..,..,..,..,..,..,..,..,..,..,..,..,..,..,..,..,..,..,..,..,..,..
Tuvalu,TUV,"Literacy rate, youth total (% of people ages 15-24)",SE.ADT.1524.LT.ZS,..,..,..,..,..,..,..,..,..,..,..,..,..,..,..,..,..,..,..,..,..,..,..,..,..,..,..,..,..,..,..
Uganda,UGA,"Literacy rate, youth total (% of people ages 15-24)",SE.ADT.1524.LT.ZS,..,69.8007888793945,..,..,..,..,..,..,..,..,..,..,80.7911605834961,..,..,..,84.0656509399414,..,..,..,87.4088287353516,..,83.6588821411133,..,..,..,..,..,89.3963088989258,..,..
Ukraine,UKR,"Literacy rate, youth total (% of people ages 15-24)",SE.ADT.1524.LT.ZS,..,..,..,..,..,..,..,..,..,..,..,99.8048629760742,..,..,..,..,..,..,..,..,..,..,99.9697570800781,..,..,..,..,..,..,..,..
United Arab Emirates,ARE,"Literacy rate, youth total (% of people ages 15-24)",SE.ADT.1524.LT.ZS,..,..,..,..,..,..,..,..,..,..,..,..,..,..,..,95.0064468383789,..,..,..,..,..,..,..,..,..,..,..,..,..,96.3115768432617,..
United Kingdom,GBR,"Literacy rate, youth total (% of people ages 15-24)",SE.ADT.1524.LT.ZS,..,..,..,..,..,..,..,..,..,..,..,..,..,..,..,..,..,..,..,..,..,..,..,..,..,..,..,..,..,..,..
United States,USA,"Literacy rate, youth total (% of people ages 15-24)",SE.ADT.1524.LT.ZS,..,..,..,..,..,..,..,..,..,..,..,..,..,..,..,..,..,..,..,..,..,..,..,..,..,..,..,..,..,..,..
Upper middle income,UMC,"Literacy rate, youth total (% of people ages 15-24)",SE.ADT.1524.LT.ZS,94.0164337158203,94.3411026000977,94.625129699707,94.9063262939453,95.186882019043,95.5090713500977,95.7136764526367,97.3705215454102,97.4760818481445,97.5827178955078,97.6716384887695,97.7682113647461,97.9053726196289,98.1591567993164,98.2714233398438,98.3701477050781,98.2338104248047,98.4533386230469,98.7707824707031,98.4691314697266,98.4503707885742,98.4294509887695,98.9215927124023,98.8766326904297,99.1510009765625,98.5493698120117,99.2228775024414,99.2001495361328,98.4830093383789,98.5179977416992,98.5533294677734
Uruguay,URY,"Literacy rate, youth total (% of people ages 15-24)",SE.ADT.1524.LT.ZS,..,..,..,..,..,..,98.5802383422852,..,..,..,..,..,..,..,..,..,98.712516784668,98.7591400146484,98.9681396484375,98.8614807128906,98.7841873168945,98.8622207641602,98.9552536010742,98.9297637939453,98.8388900756836,98.9275970458984,99.152473449707,98.9326019287109,98.8802719116211,99.0206527709961,..
Uzbekistan,UZB,"Literacy rate, youth total (% of people ages 15-24)",SE.ADT.1524.LT.ZS,..,..,..,..,..,..,..,..,..,..,99.8743515014648,..,..,..,..,..,..,..,..,..,..,..,..,99.9999313354492,99.9999618530273,99.9999618530273,99.9999313354492,..,99.9999389648438,99.9999237060547,..
Vanuatu,VUT,"Literacy rate, youth total (% of people ages 15-24)",SE.ADT.1524.LT.ZS,..,..,..,..,86.0999984741211,..,..,..,..,..,..,..,..,..,91.8000030517578,..,..,..,..,..,..,..,..,..,95.3000030517578,..,..,..,96.2821197509766,..,..
"Venezuela, RB",VEN,"Literacy rate, youth total (% of people ages 15-24)",SE.ADT.1524.LT.ZS,95.4390335083008,..,..,..,..,..,..,..,..,..,..,97.1993408203125,..,..,..,..,..,98.3987808227539,..,98.5333023071289,..,97.5591583251953,..,..,..,99.0076293945313,98.7595062255859,..,..,..,..
Vietnam,VNM,"Literacy rate, youth total (% of people ages 15-24)",SE.ADT.1524.LT.ZS,..,..,..,..,..,..,..,..,..,94.5296401977539,94.8365097045898,..,..,..,..,..,..,..,..,97.091667175293,..,..,..,..,..,..,..,..,..,98.6254577636719,..
Virgin Islands (U.S.),VIR,"Literacy rate, youth total (% of people ages 15-24)",SE.ADT.1524.LT.ZS,..,..,..,..,..,..,..,..,..,..,..,..,..,..,..,..,..,..,..,..,..,..,..,..,..,..,..,..,..,..,..
West Bank and Gaza,PSE,"Literacy rate, youth total (% of people ages 15-24)",SE.ADT.1524.LT.ZS,..,..,..,..,..,..,..,97.0465698242188,..,..,..,..,..,..,98.952278137207,..,99.0922927856445,99.0675888061523,99.1578521728516,99.2302093505859,99.2198333740234,99.3082962036133,99.2867202758789,99.348258972168,99.3655319213867,99.3415374755859,99.3774871826172,99.311767578125,99.3362503051758,99.3343963623047,99.2323532104492
"Yemen, Rep.",YEM,"Literacy rate, youth total (% of people ages 15-24)",SE.ADT.1524.LT.ZS,..,..,..,..,60.2221412658691,..,..,..,..,..,..,..,..,..,77,..,..,..,..,..,..,..,..,..,..,..,..,..,..,..,..
Zambia,ZMB,"Literacy rate, youth total (% of people ages 15-24)",SE.ADT.1524.LT.ZS,66.3811569213867,..,..,..,..,..,..,..,..,69.4572219848633,..,..,69.0888137817383,..,..,..,..,64.0496368408203,..,..,88.7145614624023,..,..,..,..,..,..,..,92.0915679931641,..,..
Zimbabwe,ZWE,"Literacy rate, youth total (% of people ages 15-24)",SE.ADT.1524.LT.ZS,..,..,95.4113616943359,..,..,..,..,..,..,..,..,..,..,..,..,..,..,..,..,..,..,90.9307022094727,..,..,90.4281234741211,..,..,..,..,..,..
,,,,,,,,,,,,,,,,,,,,,,,,,,,,,,,,,,
,,,,,,,,,,,,,,,,,,,,,,,,,,,,,,,,,,
,,,,,,,,,,,,,,,,,,,,,,,,,,,,,,,,,,
Data from database: Sustainable Development Goals (SDGs),,,,,,,,,,,,,,,,,,,,,,,,,,,,,,,,,,
Last Updated: 07/22/2022,,,,,,,,,,,,,,,,,,,,,,,,,,,,,,,,,,
